{
	"partitions" : [
		{
			"name" : "Top",
			"pins" : [
				{
					"name" : "exit_cpu[0]",
					"strict" : false
				},
				{
					"name" : "exit_cpu[1]",
					"strict" : false
				},
				{
					"name" : "exit_cpu[2]",
					"strict" : false
				},
				{
					"name" : "exit_cpu[3]",
					"strict" : false
				},
				{
					"name" : "exit_cpu[4]",
					"strict" : false
				},
				{
					"name" : "exit_cpu[5]",
					"strict" : false
				},
				{
					"name" : "exit_cpu[6]",
					"strict" : false
				},
				{
					"name" : "exit_cpu[7]",
					"strict" : false
				},
				{
					"name" : "reset",
					"strict" : false
				},
				{
					"name" : "clk",
					"strict" : false
				},
				{
					"name" : "input_user[0]",
					"strict" : false
				},
				{
					"name" : "input_user[1]",
					"strict" : false
				},
				{
					"name" : "input_user[2]",
					"strict" : false
				},
				{
					"name" : "input_user[3]",
					"strict" : false
				},
				{
					"name" : "input_user[4]",
					"strict" : false
				},
				{
					"name" : "input_user[5]",
					"strict" : false
				},
				{
					"name" : "input_user[6]",
					"strict" : false
				},
				{
					"name" : "input_user[7]",
					"strict" : false
				},
				{
					"name" : "enter",
					"strict" : false
				}
			]
		}
	]
}